{"schemaVersion":"1.0","appDefinitionTemplate":{"id":"/providers/Microsoft.PowerApps/apps/","type":"Microsoft.PowerApps/apps","tags":{"primaryDeviceWidth":"1366","primaryDeviceHeight":"768","sienaVersion":"20200719T232137Z-3.20071.22.0","deviceCapabilities":"","supportsPortrait":"false","supportsLandscape":"true","primaryFormFactor":"Tablet","publisherVersion":"3.20065.16","minimumRequiredApiVersion":"2.2.0","hasComponent":"true","hasUnlockedComponent":"true","isUnifiedRootApp":"false"},"properties":{"appVersion":"2020-07-19T23:21:37Z","lifeCycleId":"Published","createdByClientVersion":{"major":3,"minor":20065,"build":16,"revision":0,"majorRevision":0,"minorRevision":0},"minClientVersion":{"major":3,"minor":20065,"build":16,"revision":0,"majorRevision":0,"minorRevision":0},"backgroundColor":"rgba(0, 176, 240, 1)","backgroundImageUri":"/11586524722673687792/N4af89149-f5ee-41d3-8560-c66cf0de8525-logoSmallFile","displayName":"Time Calculator Widget","description":"","commitMessage":"","appUris":{"documentUri":{"value":"/11586524722673687792/N1c478eee-b416-4e6f-a7b5-2aece88dd3c7-document.msapp","readonlyValue":"/11586524722673687792/N1c478eee-b416-4e6f-a7b5-2aece88dd3c7-document.msapp"},"imageUris":[]},"createdTime":"0001-01-01T00:00:00Z","lastModifiedTime":"0001-01-01T00:00:00Z","sharedGroupsCount":0,"sharedUsersCount":0,"icons":{"smallIconUri":"/11586524722673687792/N0b6c0cd0-0af3-440c-a913-a8f2235f5d2f-small.png","mediumIconUri":"/11586524722673687792/N88e8302b-d433-40d1-92d1-f06a0a0631d8-medium.png","largeIconUri":"/11586524722673687792/N97c82cdf-07e1-4daf-9dbb-9c65ab0d7b82-large.png","wideIconUri":"/11586524722673687792/Nd9541c7b-ddcd-4d4f-8901-af5f7b92a3cb-wide.png"},"connectionReferences":{},"databaseReferences":{"default.cds":{"databaseDetails":{"referenceType":"Environmental","environmentName":"default.cds"},"dataSources":{"Time Zone Definitions":{"entitySetName":"timezonedefinitions","logicalName":"timezonedefinition"}}}},"almMode":"Environment","performanceOptimizationEnabled":true,"canConsumeAppPass":true},"isAppComponentLibrary":false,"appType":"ClassicCanvasApp","appComponents":[]}}